criterion,status,evidence_basis,closure_effect
activation boundary from scheduler,PASS,"Passes 39, 41, 43, 44, 46",supports closure
lifecycle bounded to post-crossing conduct,PASS,"Passes 40, 41, 43, 45",supports closure
interface explicitness between pair,PASS,Pass 41 interface review and Pass 42 promotion-candidate layer,supports closure
carrier invariance across enactment surfaces,PASS,Pass 44 worked examples,supports closure
receipt/settlement non-rewrite discipline,PASS,Pass 45 worked examples,supports closure
install-path boundedness,PASS,Pass 46 install-path mapping and Pass 48 touch set,supports closure
review-only remainder preserved,PASS,Pass 48 bounded thaw packet,supports closure
need to reopen thaw review for conceptual ambiguity,NO,Pass 47 reassessment through Pass 48 perimeter,closure not blocked
ready for direct unattended installation,NO,Closure review retains coupled active-emission requirement,not allowed
